"","date","ndvi","year","month","treatment","reproductive","abundance","proportion","sex"
"1",1995-10-01,0.239257425533497,1995,10,"exclosure",0,1,0,"female"
"2",1996-01-01,0.151762826562724,1996,1,"control",0,1,0,"male"
"3",1996-06-01,0.132741958393342,1996,6,"control",0,1,0,"male"
"4",1996-06-01,0.132741958393342,1996,6,"exclosure",0,1,0,"female"
"5",1996-07-01,0.211906498661239,1996,7,"control",0,1,0,"female"
"6",1996-08-01,0.186964908364158,1996,8,"exclosure",0,1,0,"female"
"7",1996-09-01,0.195340372055619,1996,9,"control",0,4,0,"male"
"8",1996-09-01,0.195340372055619,1996,9,"exclosure",0,1,0,"male"
"9",1996-09-01,0.195340372055619,1996,9,"control",0,1,0,"female"
"10",1996-09-01,0.195340372055619,1996,9,"exclosure",0,2,0,"female"
"11",1996-10-01,0.176698640190404,1996,10,"control",0,4,0,"male"
"12",1996-10-01,0.176698640190404,1996,10,"exclosure",0,2,0,"male"
"13",1996-10-01,0.176698640190404,1996,10,"exclosure",0,1,0,"female"
"14",1996-11-01,0.14442962969942,1996,11,"control",0,2,0,"male"
"15",1996-11-01,0.14442962969942,1996,11,"exclosure",0,2,0,"female"
"16",1996-12-01,0.154176933986466,1996,12,"control",1,3,0.333333333333333,"male"
"17",1996-12-01,0.154176933986466,1996,12,"control",0,1,0,"female"
"18",1996-12-01,0.154176933986466,1996,12,"exclosure",0,2,0,"female"
"19",1997-02-01,0.132428066521062,1997,2,"control",1,5,0.2,"male"
"20",1997-02-01,0.132428066521062,1997,2,"exclosure",0,1,0,"male"
"21",1997-02-01,0.132428066521062,1997,2,"control",0,1,0,"female"
"22",1997-02-01,0.132428066521062,1997,2,"exclosure",0,3,0,"female"
"23",1997-03-01,0.178686172748585,1997,3,"control",1,3,0.333333333333333,"male"
"24",1997-03-01,0.178686172748585,1997,3,"exclosure",0,3,0,"male"
"25",1997-03-01,0.178686172748585,1997,3,"exclosure",1,1,1,"female"
"26",1997-04-01,0.153975307671954,1997,4,"control",0,2,0,"male"
"27",1997-04-01,0.153975307671954,1997,4,"exclosure",0,1,0,"male"
"28",1997-04-01,0.153975307671954,1997,4,"exclosure",0,2,0,"female"
"29",1997-05-01,0.148272186247155,1997,5,"exclosure",1,9,0.111111111111111,"male"
"30",1997-05-01,0.148272186247155,1997,5,"control",0,4,0,"male"
"31",1997-05-01,0.148272186247155,1997,5,"exclosure",2,4,0.5,"female"
"32",1997-06-01,0.147970378099939,1997,6,"control",0,4,0,"male"
"33",1997-06-01,0.147970378099939,1997,6,"exclosure",0,16,0,"male"
"34",1997-06-01,0.147970378099939,1997,6,"exclosure",1,12,0.0833333333333333,"female"
"35",1997-06-01,0.147970378099939,1997,6,"control",0,3,0,"female"
"36",1997-07-01,0.136668318150764,1997,7,"exclosure",1,33,0.0303030303030303,"male"
"37",1997-07-01,0.136668318150764,1997,7,"control",0,8,0,"male"
"38",1997-07-01,0.136668318150764,1997,7,"control",0,7,0,"female"
"39",1997-07-01,0.136668318150764,1997,7,"exclosure",0,20,0,"female"
"40",1997-09-01,0.168888153556594,1997,9,"control",0,3,0,"male"
"41",1997-09-01,0.168888153556594,1997,9,"exclosure",0,10,0,"male"
"42",1997-09-01,0.168888153556594,1997,9,"control",0,5,0,"female"
"43",1997-09-01,0.168888153556594,1997,9,"exclosure",0,12,0,"female"
"44",1997-10-01,0.151944762267122,1997,10,"control",0,3,0,"male"
"45",1997-10-01,0.151944762267122,1997,10,"exclosure",0,9,0,"male"
"46",1997-10-01,0.151944762267122,1997,10,"control",0,4,0,"female"
"47",1997-10-01,0.151944762267122,1997,10,"exclosure",0,9,0,"female"
"48",1997-11-01,0.119488483294782,1997,11,"control",0,4,0,"male"
"49",1997-11-01,0.119488483294782,1997,11,"exclosure",0,9,0,"male"
"50",1997-11-01,0.119488483294782,1997,11,"control",0,2,0,"female"
"51",1997-11-01,0.119488483294782,1997,11,"exclosure",0,9,0,"female"
"52",1997-12-01,0.116409805270173,1997,12,"control",0,1,0,"male"
"53",1997-12-01,0.116409805270173,1997,12,"exclosure",0,5,0,"male"
"54",1997-12-01,0.116409805270173,1997,12,"control",0,2,0,"female"
"55",1997-12-01,0.116409805270173,1997,12,"exclosure",0,7,0,"female"
"56",1998-01-01,0.112263413201559,1998,1,"control",0,2,0,"male"
"57",1998-01-01,0.112263413201559,1998,1,"exclosure",0,5,0,"male"
"58",1998-01-01,0.112263413201559,1998,1,"control",0,1,0,"female"
"59",1998-01-01,0.112263413201559,1998,1,"exclosure",0,3,0,"female"
"60",1998-02-01,0.175434044893684,1998,2,"exclosure",0,1,0,"male"
"61",1998-02-01,0.175434044893684,1998,2,"exclosure",0,3,0,"female"
"62",1998-03-01,0.1529635818391,1998,3,"control",1,5,0.2,"male"
"63",1998-03-01,0.1529635818391,1998,3,"exclosure",0,10,0,"male"
"64",1998-03-01,0.1529635818391,1998,3,"exclosure",2,12,0.166666666666667,"female"
"65",1998-03-01,0.1529635818391,1998,3,"control",1,3,0.333333333333333,"female"
"66",1998-05-01,0.146106228895238,1998,5,"control",1,1,1,"male"
"67",1998-05-01,0.146106228895238,1998,5,"exclosure",0,7,0,"male"
"68",1998-05-01,0.146106228895238,1998,5,"exclosure",8,16,0.5,"female"
"69",1998-05-01,0.146106228895238,1998,5,"control",2,3,0.666666666666667,"female"
"70",1998-06-01,0.140428342890135,1998,6,"exclosure",1,7,0.142857142857143,"male"
"71",1998-06-01,0.140428342890135,1998,6,"exclosure",7,19,0.368421052631579,"female"
"72",1998-06-01,0.140428342890135,1998,6,"control",0,1,0,"female"
"73",1998-07-01,0.174192811201329,1998,7,"control",0,2,0,"male"
"74",1998-07-01,0.174192811201329,1998,7,"exclosure",0,9,0,"male"
"75",1998-07-01,0.174192811201329,1998,7,"control",1,7,0.142857142857143,"female"
"76",1998-07-01,0.174192811201329,1998,7,"exclosure",7,19,0.368421052631579,"female"
"77",1998-08-01,0.177626925550719,1998,8,"exclosure",3,21,0.142857142857143,"male"
"78",1998-08-01,0.177626925550719,1998,8,"control",0,5,0,"male"
"79",1998-08-01,0.177626925550719,1998,8,"exclosure",6,13,0.461538461538462,"female"
"80",1998-08-01,0.177626925550719,1998,8,"control",0,5,0,"female"
"81",1998-09-01,0.167366843024439,1998,9,"exclosure",3,23,0.130434782608696,"male"
"82",1998-09-01,0.167366843024439,1998,9,"control",0,7,0,"male"
"83",1998-09-01,0.167366843024439,1998,9,"exclosure",1,10,0.1,"female"
"84",1998-09-01,0.167366843024439,1998,9,"control",0,2,0,"female"
"85",1998-10-01,0.136791441431322,1998,10,"control",0,5,0,"male"
"86",1998-10-01,0.136791441431322,1998,10,"exclosure",0,16,0,"male"
"87",1998-10-01,0.136791441431322,1998,10,"control",0,4,0,"female"
"88",1998-10-01,0.136791441431322,1998,10,"exclosure",0,10,0,"female"
"89",1998-11-01,0.14939891324863,1998,11,"control",0,1,0,"male"
"90",1998-11-01,0.14939891324863,1998,11,"exclosure",0,12,0,"male"
"91",1998-11-01,0.14939891324863,1998,11,"exclosure",1,14,0.0714285714285714,"female"
"92",1998-11-01,0.14939891324863,1998,11,"control",0,3,0,"female"
"93",1998-12-01,0.209064089662929,1998,12,"exclosure",0,4,0,"male"
"94",1998-12-01,0.209064089662929,1998,12,"control",0,2,0,"female"
"95",1998-12-01,0.209064089662929,1998,12,"exclosure",0,14,0,"female"
"96",1999-01-01,0.169802233562131,1999,1,"exclosure",0,3,0,"male"
"97",1999-01-01,0.169802233562131,1999,1,"control",0,4,0,"female"
"98",1999-01-01,0.169802233562131,1999,1,"exclosure",0,16,0,"female"
"99",1999-02-01,0.130315158494256,1999,2,"exclosure",3,5,0.6,"male"
"100",1999-02-01,0.130315158494256,1999,2,"control",0,2,0,"male"
"101",1999-02-01,0.130315158494256,1999,2,"control",0,4,0,"female"
"102",1999-02-01,0.130315158494256,1999,2,"exclosure",0,16,0,"female"
"103",1999-03-01,0.112053170023388,1999,3,"exclosure",1,4,0.25,"male"
"104",1999-03-01,0.112053170023388,1999,3,"control",1,3,0.333333333333333,"male"
"105",1999-03-01,0.112053170023388,1999,3,"control",0,3,0,"female"
"106",1999-03-01,0.112053170023388,1999,3,"exclosure",0,14,0,"female"
"107",1999-04-01,0.108564752794074,1999,4,"exclosure",1,6,0.166666666666667,"male"
"108",1999-04-01,0.108564752794074,1999,4,"control",1,2,0.5,"male"
"109",1999-04-01,0.108564752794074,1999,4,"exclosure",4,21,0.19047619047619,"female"
"110",1999-04-01,0.108564752794074,1999,4,"control",0,2,0,"female"
"111",1999-05-01,0.0990829371340823,1999,5,"exclosure",1,4,0.25,"male"
"112",1999-05-01,0.0990829371340823,1999,5,"control",0,2,0,"male"
"113",1999-05-01,0.0990829371340823,1999,5,"exclosure",4,16,0.25,"female"
"114",1999-05-01,0.0990829371340823,1999,5,"control",2,6,0.333333333333333,"female"
"115",1999-06-01,0.112317955855,1999,6,"exclosure",1,9,0.111111111111111,"male"
"116",1999-06-01,0.112317955855,1999,6,"control",0,2,0,"male"
"117",1999-06-01,0.112317955855,1999,6,"exclosure",4,25,0.16,"female"
"118",1999-06-01,0.112317955855,1999,6,"control",1,3,0.333333333333333,"female"
"119",1999-09-01,0.227288184807249,1999,9,"exclosure",1,2,0.5,"male"
"120",1999-09-01,0.227288184807249,1999,9,"exclosure",4,5,0.8,"female"
"121",1999-09-01,0.227288184807249,1999,9,"control",1,1,1,"female"
"122",1999-10-01,0.192290165604745,1999,10,"exclosure",1,5,0.2,"male"
"123",1999-10-01,0.192290165604745,1999,10,"exclosure",2,11,0.181818181818182,"female"
"124",1999-10-01,0.192290165604745,1999,10,"control",1,3,0.333333333333333,"female"
"125",1999-11-01,0.150278008167289,1999,11,"exclosure",3,8,0.375,"male"
"126",1999-11-01,0.150278008167289,1999,11,"control",0,3,0,"male"
"127",1999-11-01,0.150278008167289,1999,11,"control",2,4,0.5,"female"
"128",1999-11-01,0.150278008167289,1999,11,"exclosure",7,14,0.5,"female"
"129",1999-12-01,0.126726911517064,1999,12,"exclosure",1,12,0.0833333333333333,"male"
"130",1999-12-01,0.126726911517064,1999,12,"control",3,7,0.428571428571429,"male"
"131",1999-12-01,0.126726911517064,1999,12,"exclosure",6,13,0.461538461538462,"female"
"132",1999-12-01,0.126726911517064,1999,12,"control",0,3,0,"female"
"133",2000-01-01,0.123329390421801,2000,1,"control",1,10,0.1,"male"
"134",2000-01-01,0.123329390421801,2000,1,"exclosure",2,10,0.2,"male"
"135",2000-01-01,0.123329390421801,2000,1,"exclosure",3,12,0.25,"female"
"136",2000-01-01,0.123329390421801,2000,1,"control",0,5,0,"female"
"137",2000-02-01,0.12328397352174,2000,2,"exclosure",1,9,0.111111111111111,"male"
"138",2000-02-01,0.12328397352174,2000,2,"control",3,18,0.166666666666667,"male"
"139",2000-02-01,0.12328397352174,2000,2,"control",2,10,0.2,"female"
"140",2000-02-01,0.12328397352174,2000,2,"exclosure",3,13,0.230769230769231,"female"
"141",2000-03-01,0.109842981409985,2000,3,"exclosure",3,11,0.272727272727273,"male"
"142",2000-03-01,0.109842981409985,2000,3,"control",3,8,0.375,"male"
"143",2000-03-01,0.109842981409985,2000,3,"control",4,13,0.307692307692308,"female"
"144",2000-03-01,0.109842981409985,2000,3,"exclosure",6,14,0.428571428571429,"female"
"145",2000-04-01,0.107135444602903,2000,4,"control",1,7,0.142857142857143,"male"
"146",2000-04-01,0.107135444602903,2000,4,"exclosure",3,11,0.272727272727273,"male"
"147",2000-04-01,0.107135444602903,2000,4,"control",3,12,0.25,"female"
"148",2000-04-01,0.107135444602903,2000,4,"exclosure",5,16,0.3125,"female"
"149",2000-06-01,0.108407533989948,2000,6,"exclosure",1,14,0.0714285714285714,"male"
"150",2000-06-01,0.108407533989948,2000,6,"control",0,8,0,"male"
"151",2000-06-01,0.108407533989948,2000,6,"control",2,12,0.166666666666667,"female"
"152",2000-06-01,0.108407533989948,2000,6,"exclosure",10,22,0.454545454545455,"female"
"153",2000-07-01,0.146794698758837,2000,7,"control",1,18,0.0555555555555556,"male"
"154",2000-07-01,0.146794698758837,2000,7,"exclosure",4,28,0.142857142857143,"male"
"155",2000-07-01,0.146794698758837,2000,7,"control",8,28,0.285714285714286,"female"
"156",2000-07-01,0.146794698758837,2000,7,"exclosure",11,35,0.314285714285714,"female"
"157",2000-08-01,0.134911767931201,2000,8,"control",1,14,0.0714285714285714,"male"
"158",2000-08-01,0.134911767931201,2000,8,"exclosure",0,10,0,"male"
"159",2000-08-01,0.134911767931201,2000,8,"exclosure",5,22,0.227272727272727,"female"
"160",2000-08-01,0.134911767931201,2000,8,"control",3,11,0.272727272727273,"female"
"161",2000-09-01,0.128144102157977,2000,9,"control",0,7,0,"male"
"162",2000-09-01,0.128144102157977,2000,9,"exclosure",0,6,0,"male"
"163",2000-09-01,0.128144102157977,2000,9,"control",0,3,0,"female"
"164",2000-09-01,0.128144102157977,2000,9,"exclosure",0,10,0,"female"
"165",2000-10-01,0.123310181217369,2000,10,"control",0,2,0,"male"
"166",2000-10-01,0.123310181217369,2000,10,"exclosure",0,3,0,"male"
"167",2000-10-01,0.123310181217369,2000,10,"control",0,6,0,"female"
"168",2000-10-01,0.123310181217369,2000,10,"exclosure",0,7,0,"female"
"169",2000-11-01,0.162343532182127,2000,11,"control",0,7,0,"male"
"170",2000-11-01,0.162343532182127,2000,11,"exclosure",0,12,0,"male"
"171",2000-11-01,0.162343532182127,2000,11,"exclosure",1,9,0.111111111111111,"female"
"172",2000-11-01,0.162343532182127,2000,11,"control",0,3,0,"female"
"173",2000-12-01,0.232710880297738,2000,12,"control",0,6,0,"male"
"174",2000-12-01,0.232710880297738,2000,12,"exclosure",0,8,0,"male"
"175",2000-12-01,0.232710880297738,2000,12,"control",0,3,0,"female"
"176",2000-12-01,0.232710880297738,2000,12,"exclosure",0,10,0,"female"
"177",2001-01-01,0.19563480625003,2001,1,"exclosure",2,6,0.333333333333333,"male"
"178",2001-01-01,0.19563480625003,2001,1,"control",0,5,0,"male"
"179",2001-01-01,0.19563480625003,2001,1,"control",0,2,0,"female"
"180",2001-01-01,0.19563480625003,2001,1,"exclosure",0,11,0,"female"
"181",2001-03-01,0.285754288207036,2001,3,"control",3,12,0.25,"male"
"182",2001-03-01,0.285754288207036,2001,3,"exclosure",3,9,0.333333333333333,"male"
"183",2001-03-01,0.285754288207036,2001,3,"exclosure",7,11,0.636363636363636,"female"
"184",2001-03-01,0.285754288207036,2001,3,"control",0,3,0,"female"
"185",2001-04-01,0.206162104851669,2001,4,"exclosure",3,10,0.3,"male"
"186",2001-04-01,0.206162104851669,2001,4,"exclosure",4,7,0.571428571428571,"female"
"187",2001-04-01,0.206162104851669,2001,4,"control",0,2,0,"female"
"188",2001-05-01,0.167788067824412,2001,5,"exclosure",1,9,0.111111111111111,"male"
"189",2001-05-01,0.167788067824412,2001,5,"control",1,6,0.166666666666667,"male"
"190",2001-05-01,0.167788067824412,2001,5,"exclosure",6,8,0.75,"female"
"191",2001-05-01,0.167788067824412,2001,5,"control",0,3,0,"female"
"192",2001-06-01,0.151139729414925,2001,6,"exclosure",1,9,0.111111111111111,"male"
"193",2001-06-01,0.151139729414925,2001,6,"control",1,4,0.25,"male"
"194",2001-06-01,0.151139729414925,2001,6,"exclosure",2,9,0.222222222222222,"female"
"195",2001-06-01,0.151139729414925,2001,6,"control",0,2,0,"female"
"196",2001-07-01,0.159942252431431,2001,7,"exclosure",2,12,0.166666666666667,"male"
"197",2001-07-01,0.159942252431431,2001,7,"control",0,5,0,"male"
"198",2001-07-01,0.159942252431431,2001,7,"exclosure",2,11,0.181818181818182,"female"
"199",2001-07-01,0.159942252431431,2001,7,"control",2,6,0.333333333333333,"female"
"200",2001-08-01,0.200389019434087,2001,8,"control",1,12,0.0833333333333333,"male"
"201",2001-08-01,0.200389019434087,2001,8,"exclosure",2,18,0.111111111111111,"male"
"202",2001-08-01,0.200389019434087,2001,8,"exclosure",3,34,0.0882352941176471,"female"
"203",2001-08-01,0.200389019434087,2001,8,"control",1,11,0.0909090909090909,"female"
"204",2001-09-01,0.199049327876066,2001,9,"control",0,7,0,"male"
"205",2001-09-01,0.199049327876066,2001,9,"exclosure",0,26,0,"male"
"206",2001-09-01,0.199049327876066,2001,9,"exclosure",2,36,0.0555555555555556,"female"
"207",2001-09-01,0.199049327876066,2001,9,"control",0,13,0,"female"
"208",2001-10-01,0.156004590033189,2001,10,"exclosure",1,18,0.0555555555555556,"male"
"209",2001-10-01,0.156004590033189,2001,10,"control",1,8,0.125,"male"
"210",2001-10-01,0.156004590033189,2001,10,"exclosure",1,31,0.032258064516129,"female"
"211",2001-10-01,0.156004590033189,2001,10,"control",0,15,0,"female"
"212",2001-11-01,0.131845437841053,2001,11,"exclosure",1,19,0.0526315789473684,"male"
"213",2001-11-01,0.131845437841053,2001,11,"control",1,7,0.142857142857143,"male"
"214",2001-11-01,0.131845437841053,2001,11,"control",0,15,0,"female"
"215",2001-11-01,0.131845437841053,2001,11,"exclosure",0,31,0,"female"
"216",2001-12-01,0.131917205209967,2001,12,"control",1,3,0.333333333333333,"male"
"217",2001-12-01,0.131917205209967,2001,12,"exclosure",0,8,0,"male"
"218",2001-12-01,0.131917205209967,2001,12,"control",0,4,0,"female"
"219",2001-12-01,0.131917205209967,2001,12,"exclosure",0,19,0,"female"
"220",2002-01-01,0.126309161493655,2002,1,"control",0,3,0,"male"
"221",2002-01-01,0.126309161493655,2002,1,"exclosure",0,7,0,"male"
"222",2002-01-01,0.126309161493655,2002,1,"control",0,3,0,"female"
"223",2002-01-01,0.126309161493655,2002,1,"exclosure",0,11,0,"female"
"224",2002-02-01,0.120761541585265,2002,2,"exclosure",8,18,0.444444444444444,"male"
"225",2002-02-01,0.120761541585265,2002,2,"control",4,7,0.571428571428571,"male"
"226",2002-02-01,0.120761541585265,2002,2,"control",0,9,0,"female"
"227",2002-02-01,0.120761541585265,2002,2,"exclosure",0,26,0,"female"
"228",2002-03-01,0.120653065683336,2002,3,"exclosure",4,14,0.285714285714286,"male"
"229",2002-03-01,0.120653065683336,2002,3,"control",0,2,0,"male"
"230",2002-03-01,0.120653065683336,2002,3,"exclosure",4,24,0.166666666666667,"female"
"231",2002-03-01,0.120653065683336,2002,3,"control",0,12,0,"female"
"232",2002-04-01,0.107868841233272,2002,4,"exclosure",7,19,0.368421052631579,"male"
"233",2002-04-01,0.107868841233272,2002,4,"control",2,4,0.5,"male"
"234",2002-04-01,0.107868841233272,2002,4,"control",5,9,0.555555555555556,"female"
"235",2002-04-01,0.107868841233272,2002,4,"exclosure",12,21,0.571428571428571,"female"
"236",2002-05-01,0.108967315988629,2002,5,"exclosure",5,24,0.208333333333333,"male"
"237",2002-05-01,0.108967315988629,2002,5,"control",2,8,0.25,"male"
"238",2002-05-01,0.108967315988629,2002,5,"control",3,14,0.214285714285714,"female"
"239",2002-05-01,0.108967315988629,2002,5,"exclosure",8,36,0.222222222222222,"female"
"240",2002-06-01,0.107821676689843,2002,6,"control",1,15,0.0666666666666667,"male"
"241",2002-06-01,0.107821676689843,2002,6,"exclosure",4,22,0.181818181818182,"male"
"242",2002-06-01,0.107821676689843,2002,6,"exclosure",8,39,0.205128205128205,"female"
"243",2002-06-01,0.107821676689843,2002,6,"control",3,11,0.272727272727273,"female"
"244",2002-07-01,0.10420168982997,2002,7,"exclosure",2,21,0.0952380952380952,"male"
"245",2002-07-01,0.10420168982997,2002,7,"control",0,11,0,"male"
"246",2002-07-01,0.10420168982997,2002,7,"exclosure",6,43,0.13953488372093,"female"
"247",2002-07-01,0.10420168982997,2002,7,"control",0,14,0,"female"
"248",2002-09-01,0.264430293605439,2002,9,"exclosure",3,7,0.428571428571429,"male"
"249",2002-09-01,0.264430293605439,2002,9,"control",0,1,0,"male"
"250",2002-09-01,0.264430293605439,2002,9,"exclosure",2,12,0.166666666666667,"female"
"251",2002-09-01,0.264430293605439,2002,9,"control",2,5,0.4,"female"
"252",2002-10-01,0.201000939533776,2002,10,"control",1,7,0.142857142857143,"male"
"253",2002-10-01,0.201000939533776,2002,10,"exclosure",3,21,0.142857142857143,"male"
"254",2002-10-01,0.201000939533776,2002,10,"control",4,16,0.25,"female"
"255",2002-10-01,0.201000939533776,2002,10,"exclosure",12,48,0.25,"female"
"256",2002-11-01,0.162252473279615,2002,11,"control",1,9,0.111111111111111,"male"
"257",2002-11-01,0.162252473279615,2002,11,"exclosure",5,26,0.192307692307692,"male"
"258",2002-11-01,0.162252473279615,2002,11,"exclosure",5,46,0.108695652173913,"female"
"259",2002-11-01,0.162252473279615,2002,11,"control",3,19,0.157894736842105,"female"
"260",2002-12-01,0.125710151751903,2002,12,"control",2,25,0.08,"male"
"261",2002-12-01,0.125710151751903,2002,12,"exclosure",6,31,0.193548387096774,"male"
"262",2002-12-01,0.125710151751903,2002,12,"control",2,32,0.0625,"female"
"263",2002-12-01,0.125710151751903,2002,12,"exclosure",9,81,0.111111111111111,"female"
"264",2003-02-01,0.123776565256682,2003,2,"control",2,14,0.142857142857143,"male"
"265",2003-02-01,0.123776565256682,2003,2,"exclosure",5,19,0.263157894736842,"male"
"266",2003-02-01,0.123776565256682,2003,2,"exclosure",3,53,0.0566037735849057,"female"
"267",2003-02-01,0.123776565256682,2003,2,"control",0,17,0,"female"
"268",2003-03-01,0.114747016065054,2003,3,"exclosure",8,34,0.235294117647059,"male"
"269",2003-03-01,0.114747016065054,2003,3,"control",7,26,0.269230769230769,"male"
"270",2003-03-01,0.114747016065054,2003,3,"control",10,37,0.27027027027027,"female"
"271",2003-03-01,0.114747016065054,2003,3,"exclosure",27,92,0.293478260869565,"female"
"272",2003-05-01,0.116922895543671,2003,5,"exclosure",8,49,0.163265306122449,"male"
"273",2003-05-01,0.116922895543671,2003,5,"control",6,17,0.352941176470588,"male"
"274",2003-05-01,0.116922895543671,2003,5,"control",8,45,0.177777777777778,"female"
"275",2003-05-01,0.116922895543671,2003,5,"exclosure",23,122,0.188524590163934,"female"
"276",2003-06-01,0.10815266314534,2003,6,"exclosure",2,17,0.117647058823529,"male"
"277",2003-06-01,0.10815266314534,2003,6,"control",3,13,0.230769230769231,"male"
"278",2003-06-01,0.10815266314534,2003,6,"exclosure",3,51,0.0588235294117647,"female"
"279",2003-06-01,0.10815266314534,2003,6,"control",0,19,0,"female"
"280",2003-07-01,0.107159083053408,2003,7,"control",0,10,0,"male"
"281",2003-07-01,0.107159083053408,2003,7,"exclosure",0,15,0,"male"
"282",2003-07-01,0.107159083053408,2003,7,"exclosure",4,55,0.0727272727272727,"female"
"283",2003-07-01,0.107159083053408,2003,7,"control",0,21,0,"female"
"284",2003-08-01,0.119497371361754,2003,8,"exclosure",3,14,0.214285714285714,"male"
"285",2003-08-01,0.119497371361754,2003,8,"control",3,7,0.428571428571429,"male"
"286",2003-08-01,0.119497371361754,2003,8,"control",0,19,0,"female"
"287",2003-08-01,0.119497371361754,2003,8,"exclosure",0,47,0,"female"
"288",2003-09-01,0.117239692057417,2003,9,"exclosure",2,15,0.133333333333333,"male"
"289",2003-09-01,0.117239692057417,2003,9,"control",1,7,0.142857142857143,"male"
"290",2003-09-01,0.117239692057417,2003,9,"control",0,16,0,"female"
"291",2003-09-01,0.117239692057417,2003,9,"exclosure",0,39,0,"female"
"292",2003-10-01,0.109076679002544,2003,10,"control",1,5,0.2,"male"
"293",2003-10-01,0.109076679002544,2003,10,"exclosure",0,11,0,"male"
"294",2003-10-01,0.109076679002544,2003,10,"control",0,13,0,"female"
"295",2003-10-01,0.109076679002544,2003,10,"exclosure",0,29,0,"female"
"296",2003-11-01,0.112282147037176,2003,11,"exclosure",2,12,0.166666666666667,"male"
"297",2003-11-01,0.112282147037176,2003,11,"control",0,4,0,"male"
"298",2003-11-01,0.112282147037176,2003,11,"control",0,9,0,"female"
"299",2003-11-01,0.112282147037176,2003,11,"exclosure",0,28,0,"female"
"300",2003-12-01,0.103337166319315,2003,12,"control",0,3,0,"male"
"301",2003-12-01,0.103337166319315,2003,12,"exclosure",0,10,0,"male"
"302",2003-12-01,0.103337166319315,2003,12,"control",0,9,0,"female"
"303",2003-12-01,0.103337166319315,2003,12,"exclosure",0,27,0,"female"
"304",2004-01-01,0.135873878955385,2004,1,"exclosure",1,12,0.0833333333333333,"male"
"305",2004-01-01,0.135873878955385,2004,1,"control",0,2,0,"male"
"306",2004-01-01,0.135873878955385,2004,1,"control",0,6,0,"female"
"307",2004-01-01,0.135873878955385,2004,1,"exclosure",0,22,0,"female"
"308",2004-02-01,0.163693198400222,2004,2,"control",1,3,0.333333333333333,"male"
"309",2004-02-01,0.163693198400222,2004,2,"exclosure",0,7,0,"male"
"310",2004-02-01,0.163693198400222,2004,2,"control",0,5,0,"female"
"311",2004-02-01,0.163693198400222,2004,2,"exclosure",0,22,0,"female"
"312",2004-03-01,0.204210203336442,2004,3,"control",1,2,0.5,"male"
"313",2004-03-01,0.204210203336442,2004,3,"exclosure",5,9,0.555555555555556,"male"
"314",2004-03-01,0.204210203336442,2004,3,"control",0,8,0,"female"
"315",2004-03-01,0.204210203336442,2004,3,"exclosure",0,19,0,"female"
"316",2004-04-01,0.140878115449077,2004,4,"exclosure",2,5,0.4,"male"
"317",2004-04-01,0.140878115449077,2004,4,"exclosure",2,8,0.25,"female"
"318",2004-04-01,0.140878115449077,2004,4,"control",0,2,0,"female"
"319",2004-05-01,0.126043771717842,2004,5,"exclosure",1,6,0.166666666666667,"male"
"320",2004-05-01,0.126043771717842,2004,5,"control",0,2,0,"male"
"321",2004-05-01,0.126043771717842,2004,5,"control",1,5,0.2,"female"
"322",2004-05-01,0.126043771717842,2004,5,"exclosure",5,13,0.384615384615385,"female"
"323",2004-06-01,0.121710595731245,2004,6,"control",0,5,0,"male"
"324",2004-06-01,0.121710595731245,2004,6,"exclosure",0,3,0,"male"
"325",2004-06-01,0.121710595731245,2004,6,"exclosure",2,8,0.25,"female"
"326",2004-06-01,0.121710595731245,2004,6,"control",3,8,0.375,"female"
"327",2004-07-01,0.120659195491155,2004,7,"control",1,7,0.142857142857143,"male"
"328",2004-07-01,0.120659195491155,2004,7,"exclosure",2,5,0.4,"male"
"329",2004-07-01,0.120659195491155,2004,7,"exclosure",4,13,0.307692307692308,"female"
"330",2004-07-01,0.120659195491155,2004,7,"control",0,11,0,"female"
"331",2004-08-01,0.265080747608755,2004,8,"exclosure",3,9,0.333333333333333,"male"
"332",2004-08-01,0.265080747608755,2004,8,"control",0,6,0,"male"
"333",2004-08-01,0.265080747608755,2004,8,"exclosure",1,14,0.0714285714285714,"female"
"334",2004-08-01,0.265080747608755,2004,8,"control",0,7,0,"female"
"335",2004-09-01,0.216951496530686,2004,9,"exclosure",1,6,0.166666666666667,"male"
"336",2004-09-01,0.216951496530686,2004,9,"control",0,5,0,"male"
"337",2004-09-01,0.216951496530686,2004,9,"exclosure",2,16,0.125,"female"
"338",2004-09-01,0.216951496530686,2004,9,"control",2,9,0.222222222222222,"female"
"339",2004-10-01,0.17208529134645,2004,10,"control",1,8,0.125,"male"
"340",2004-10-01,0.17208529134645,2004,10,"exclosure",2,7,0.285714285714286,"male"
"341",2004-10-01,0.17208529134645,2004,10,"control",3,13,0.230769230769231,"female"
"342",2004-10-01,0.17208529134645,2004,10,"exclosure",0,11,0,"female"
"343",2004-11-01,0.146819943943879,2004,11,"control",1,6,0.166666666666667,"male"
"344",2004-11-01,0.146819943943879,2004,11,"exclosure",1,3,0.333333333333333,"male"
"345",2004-11-01,0.146819943943879,2004,11,"control",0,12,0,"female"
"346",2004-11-01,0.146819943943879,2004,11,"exclosure",0,6,0,"female"
"347",2004-12-01,0.145988320415724,2004,12,"exclosure",2,11,0.181818181818182,"male"
"348",2004-12-01,0.145988320415724,2004,12,"control",2,5,0.4,"male"
"349",2004-12-01,0.145988320415724,2004,12,"control",0,12,0,"female"
"350",2004-12-01,0.145988320415724,2004,12,"exclosure",0,12,0,"female"
"351",2005-01-01,0.154621132715489,2005,1,"control",0,7,0,"male"
"352",2005-01-01,0.154621132715489,2005,1,"exclosure",0,7,0,"male"
"353",2005-01-01,0.154621132715489,2005,1,"control",0,14,0,"female"
"354",2005-01-01,0.154621132715489,2005,1,"exclosure",0,11,0,"female"
"355",2005-03-01,0.283821636682951,2005,3,"exclosure",1,7,0.142857142857143,"male"
"356",2005-03-01,0.283821636682951,2005,3,"control",1,3,0.333333333333333,"male"
"357",2005-03-01,0.283821636682951,2005,3,"control",1,7,0.142857142857143,"female"
"358",2005-03-01,0.283821636682951,2005,3,"exclosure",2,9,0.222222222222222,"female"
"359",2005-04-01,0.183232445713141,2005,4,"exclosure",3,7,0.428571428571429,"male"
"360",2005-04-01,0.183232445713141,2005,4,"control",1,2,0.5,"male"
"361",2005-04-01,0.183232445713141,2005,4,"control",4,8,0.5,"female"
"362",2005-04-01,0.183232445713141,2005,4,"exclosure",4,8,0.5,"female"
"363",2005-05-01,0.147155764405097,2005,5,"exclosure",1,4,0.25,"male"
"364",2005-05-01,0.147155764405097,2005,5,"control",1,3,0.333333333333333,"male"
"365",2005-05-01,0.147155764405097,2005,5,"exclosure",1,10,0.1,"female"
"366",2005-05-01,0.147155764405097,2005,5,"control",2,5,0.4,"female"
"367",2005-06-01,0.143736615403422,2005,6,"exclosure",1,11,0.0909090909090909,"male"
"368",2005-06-01,0.143736615403422,2005,6,"control",1,5,0.2,"male"
"369",2005-06-01,0.143736615403422,2005,6,"exclosure",4,15,0.266666666666667,"female"
"370",2005-06-01,0.143736615403422,2005,6,"control",6,9,0.666666666666667,"female"
"371",2005-07-01,0.144960806162112,2005,7,"control",1,9,0.111111111111111,"male"
"372",2005-07-01,0.144960806162112,2005,7,"exclosure",0,17,0,"male"
"373",2005-07-01,0.144960806162112,2005,7,"exclosure",2,27,0.0740740740740741,"female"
"374",2005-07-01,0.144960806162112,2005,7,"control",2,9,0.222222222222222,"female"
"375",2005-08-01,0.175348482735065,2005,8,"exclosure",2,22,0.0909090909090909,"male"
"376",2005-08-01,0.175348482735065,2005,8,"control",0,12,0,"male"
"377",2005-08-01,0.175348482735065,2005,8,"exclosure",4,29,0.137931034482759,"female"
"378",2005-08-01,0.175348482735065,2005,8,"control",0,15,0,"female"
"379",2005-09-01,0.201724268938414,2005,9,"control",1,33,0.0303030303030303,"male"
"380",2005-09-01,0.201724268938414,2005,9,"exclosure",3,38,0.0789473684210526,"male"
"381",2005-09-01,0.201724268938414,2005,9,"control",1,33,0.0303030303030303,"female"
"382",2005-09-01,0.201724268938414,2005,9,"exclosure",0,49,0,"female"
"383",2005-10-01,0.152390593691739,2005,10,"exclosure",2,13,0.153846153846154,"male"
"384",2005-10-01,0.152390593691739,2005,10,"control",1,4,0.25,"male"
"385",2005-10-01,0.152390593691739,2005,10,"control",0,7,0,"female"
"386",2005-10-01,0.152390593691739,2005,10,"exclosure",0,17,0,"female"
"387",2005-11-01,0.134183299042063,2005,11,"exclosure",2,23,0.0869565217391304,"male"
"388",2005-11-01,0.134183299042063,2005,11,"control",3,15,0.2,"male"
"389",2005-11-01,0.134183299042063,2005,11,"control",0,19,0,"female"
"390",2005-11-01,0.134183299042063,2005,11,"exclosure",0,34,0,"female"
"391",2005-12-01,0.103737091028793,2005,12,"exclosure",1,15,0.0666666666666667,"male"
"392",2005-12-01,0.103737091028793,2005,12,"control",0,6,0,"male"
"393",2005-12-01,0.103737091028793,2005,12,"control",0,15,0,"female"
"394",2005-12-01,0.103737091028793,2005,12,"exclosure",0,22,0,"female"
"395",2006-01-01,0.0947912820238293,2006,1,"exclosure",2,36,0.0555555555555556,"male"
"396",2006-01-01,0.0947912820238293,2006,1,"control",3,19,0.157894736842105,"male"
"397",2006-01-01,0.0947912820238293,2006,1,"control",0,22,0,"female"
"398",2006-01-01,0.0947912820238293,2006,1,"exclosure",0,39,0,"female"
"399",2006-03-01,0.104262179327797,2006,3,"exclosure",4,34,0.117647058823529,"male"
"400",2006-03-01,0.104262179327797,2006,3,"control",4,15,0.266666666666667,"male"
"401",2006-03-01,0.104262179327797,2006,3,"control",1,16,0.0625,"female"
"402",2006-03-01,0.104262179327797,2006,3,"exclosure",0,40,0,"female"
"403",2006-04-01,0.100760362346108,2006,4,"exclosure",5,16,0.3125,"male"
"404",2006-04-01,0.100760362346108,2006,4,"control",2,5,0.4,"male"
"405",2006-04-01,0.100760362346108,2006,4,"control",1,7,0.142857142857143,"female"
"406",2006-04-01,0.100760362346108,2006,4,"exclosure",5,18,0.277777777777778,"female"
"407",2006-05-01,0.0927611741467741,2006,5,"exclosure",2,18,0.111111111111111,"male"
"408",2006-05-01,0.0927611741467741,2006,5,"control",1,6,0.166666666666667,"male"
"409",2006-05-01,0.0927611741467741,2006,5,"control",1,7,0.142857142857143,"female"
"410",2006-05-01,0.0927611741467741,2006,5,"exclosure",6,24,0.25,"female"
"411",2006-06-01,0.0987349153073274,2006,6,"exclosure",2,14,0.142857142857143,"male"
"412",2006-06-01,0.0987349153073274,2006,6,"exclosure",5,16,0.3125,"female"
"413",2006-06-01,0.0987349153073274,2006,6,"control",1,2,0.5,"female"
"414",2006-07-01,0.123680693165217,2006,7,"control",2,11,0.181818181818182,"male"
"415",2006-07-01,0.123680693165217,2006,7,"exclosure",7,21,0.333333333333333,"male"
"416",2006-07-01,0.123680693165217,2006,7,"control",2,10,0.2,"female"
"417",2006-07-01,0.123680693165217,2006,7,"exclosure",11,34,0.323529411764706,"female"
"418",2006-08-01,0.418678309619902,2006,8,"exclosure",1,4,0.25,"male"
"419",2006-08-01,0.418678309619902,2006,8,"control",0,1,0,"male"
"420",2006-08-01,0.418678309619902,2006,8,"exclosure",4,9,0.444444444444444,"female"
"421",2006-08-01,0.418678309619902,2006,8,"control",1,1,1,"female"
"422",2006-09-01,0.395720517063942,2006,9,"control",1,4,0.25,"male"
"423",2006-09-01,0.395720517063942,2006,9,"exclosure",2,8,0.25,"male"
"424",2006-09-01,0.395720517063942,2006,9,"exclosure",7,15,0.466666666666667,"female"
"425",2006-09-01,0.395720517063942,2006,9,"control",0,2,0,"female"
"426",2006-10-01,0.262862743086472,2006,10,"control",2,8,0.25,"male"
"427",2006-10-01,0.262862743086472,2006,10,"exclosure",5,15,0.333333333333333,"male"
"428",2006-10-01,0.262862743086472,2006,10,"control",3,9,0.333333333333333,"female"
"429",2006-10-01,0.262862743086472,2006,10,"exclosure",10,27,0.37037037037037,"female"
"430",2006-11-01,0.218783468369388,2006,11,"exclosure",3,17,0.176470588235294,"male"
"431",2006-11-01,0.218783468369388,2006,11,"control",4,13,0.307692307692308,"male"
"432",2006-11-01,0.218783468369388,2006,11,"exclosure",6,36,0.166666666666667,"female"
"433",2006-11-01,0.218783468369388,2006,11,"control",0,11,0,"female"
"434",2006-12-01,0.147973252290603,2006,12,"control",0,23,0,"male"
"435",2006-12-01,0.147973252290603,2006,12,"exclosure",0,22,0,"male"
"436",2006-12-01,0.147973252290603,2006,12,"exclosure",6,40,0.15,"female"
"437",2006-12-01,0.147973252290603,2006,12,"control",2,13,0.153846153846154,"female"
"438",2007-01-01,0.11184123101105,2007,1,"exclosure",1,8,0.125,"male"
"439",2007-01-01,0.11184123101105,2007,1,"control",5,11,0.454545454545455,"male"
"440",2007-01-01,0.11184123101105,2007,1,"exclosure",1,23,0.0434782608695652,"female"
"441",2007-01-01,0.11184123101105,2007,1,"control",0,11,0,"female"
"442",2007-02-01,0.112301393098404,2007,2,"exclosure",4,14,0.285714285714286,"male"
"443",2007-02-01,0.112301393098404,2007,2,"control",7,21,0.333333333333333,"male"
"444",2007-02-01,0.112301393098404,2007,2,"control",0,24,0,"female"
"445",2007-02-01,0.112301393098404,2007,2,"exclosure",0,34,0,"female"
"446",2007-03-01,0.114773416391782,2007,3,"control",4,18,0.222222222222222,"male"
"447",2007-03-01,0.114773416391782,2007,3,"exclosure",5,12,0.416666666666667,"male"
"448",2007-03-01,0.114773416391782,2007,3,"control",2,20,0.1,"female"
"449",2007-03-01,0.114773416391782,2007,3,"exclosure",5,35,0.142857142857143,"female"
"450",2007-04-01,0.126355029247506,2007,4,"control",2,24,0.0833333333333333,"male"
"451",2007-04-01,0.126355029247506,2007,4,"exclosure",4,22,0.181818181818182,"male"
"452",2007-04-01,0.126355029247506,2007,4,"exclosure",10,42,0.238095238095238,"female"
"453",2007-04-01,0.126355029247506,2007,4,"control",8,23,0.347826086956522,"female"
"454",2007-05-01,0.133058676688956,2007,5,"exclosure",1,38,0.0263157894736842,"male"
"455",2007-05-01,0.133058676688956,2007,5,"control",4,35,0.114285714285714,"male"
"456",2007-05-01,0.133058676688956,2007,5,"control",8,36,0.222222222222222,"female"
"457",2007-05-01,0.133058676688956,2007,5,"exclosure",18,73,0.246575342465753,"female"
"458",2007-06-01,0.136076865125808,2007,6,"exclosure",2,40,0.05,"male"
"459",2007-06-01,0.136076865125808,2007,6,"control",2,37,0.0540540540540541,"male"
"460",2007-06-01,0.136076865125808,2007,6,"control",5,51,0.0980392156862745,"female"
"461",2007-06-01,0.136076865125808,2007,6,"exclosure",9,89,0.101123595505618,"female"
"462",2007-07-01,0.166711078939229,2007,7,"control",1,50,0.02,"male"
"463",2007-07-01,0.166711078939229,2007,7,"exclosure",1,46,0.0217391304347826,"male"
"464",2007-07-01,0.166711078939229,2007,7,"exclosure",4,95,0.0421052631578947,"female"
"465",2007-07-01,0.166711078939229,2007,7,"control",2,43,0.0465116279069767,"female"
"466",2007-08-01,0.357813525974183,2007,8,"control",1,27,0.037037037037037,"male"
"467",2007-08-01,0.357813525974183,2007,8,"exclosure",1,22,0.0454545454545455,"male"
"468",2007-08-01,0.357813525974183,2007,8,"control",0,24,0,"female"
"469",2007-08-01,0.357813525974183,2007,8,"exclosure",0,43,0,"female"
"470",2007-09-01,0.306056272871814,2007,9,"control",1,32,0.03125,"male"
"471",2007-09-01,0.306056272871814,2007,9,"exclosure",1,28,0.0357142857142857,"male"
"472",2007-09-01,0.306056272871814,2007,9,"exclosure",2,75,0.0266666666666667,"female"
"473",2007-09-01,0.306056272871814,2007,9,"control",1,37,0.027027027027027,"female"
"474",2007-10-01,0.212128803859863,2007,10,"control",0,23,0,"male"
"475",2007-10-01,0.212128803859863,2007,10,"exclosure",0,24,0,"male"
"476",2007-10-01,0.212128803859863,2007,10,"exclosure",1,59,0.0169491525423729,"female"
"477",2007-10-01,0.212128803859863,2007,10,"control",0,31,0,"female"
"478",2007-11-01,0.152018693618577,2007,11,"control",0,21,0,"male"
"479",2007-11-01,0.152018693618577,2007,11,"exclosure",0,23,0,"male"
"480",2007-11-01,0.152018693618577,2007,11,"control",0,27,0,"female"
"481",2007-11-01,0.152018693618577,2007,11,"exclosure",0,49,0,"female"
"482",2007-12-01,0.138472846656537,2007,12,"control",0,15,0,"male"
"483",2007-12-01,0.138472846656537,2007,12,"exclosure",0,16,0,"male"
"484",2007-12-01,0.138472846656537,2007,12,"control",0,18,0,"female"
"485",2007-12-01,0.138472846656537,2007,12,"exclosure",0,29,0,"female"
"486",2008-01-01,0.114083918393129,2008,1,"control",0,9,0,"male"
"487",2008-01-01,0.114083918393129,2008,1,"exclosure",0,15,0,"male"
"488",2008-01-01,0.114083918393129,2008,1,"control",0,19,0,"female"
"489",2008-01-01,0.114083918393129,2008,1,"exclosure",0,21,0,"female"
"490",2008-02-01,0.12109422749297,2008,2,"exclosure",1,13,0.0769230769230769,"male"
"491",2008-02-01,0.12109422749297,2008,2,"control",0,11,0,"male"
"492",2008-02-01,0.12109422749297,2008,2,"control",0,16,0,"female"
"493",2008-02-01,0.12109422749297,2008,2,"exclosure",0,20,0,"female"
"494",2008-03-01,0.12194082893716,2008,3,"control",1,16,0.0625,"male"
"495",2008-03-01,0.12194082893716,2008,3,"exclosure",1,15,0.0666666666666667,"male"
"496",2008-03-01,0.12194082893716,2008,3,"control",0,13,0,"female"
"497",2008-03-01,0.12194082893716,2008,3,"exclosure",0,15,0,"female"
"498",2008-04-01,0.108759597560493,2008,4,"control",4,13,0.307692307692308,"male"
"499",2008-04-01,0.108759597560493,2008,4,"exclosure",0,16,0,"male"
"500",2008-04-01,0.108759597560493,2008,4,"exclosure",1,16,0.0625,"female"
"501",2008-04-01,0.108759597560493,2008,4,"control",0,16,0,"female"
"502",2008-05-01,0.108732142123564,2008,5,"exclosure",2,13,0.153846153846154,"male"
"503",2008-05-01,0.108732142123564,2008,5,"control",4,15,0.266666666666667,"male"
"504",2008-05-01,0.108732142123564,2008,5,"exclosure",3,17,0.176470588235294,"female"
"505",2008-05-01,0.108732142123564,2008,5,"control",3,15,0.2,"female"
"506",2008-06-01,0.1051370979574,2008,6,"exclosure",4,29,0.137931034482759,"male"
"507",2008-06-01,0.1051370979574,2008,6,"control",5,28,0.178571428571429,"male"
"508",2008-06-01,0.1051370979574,2008,6,"control",1,26,0.0384615384615385,"female"
"509",2008-06-01,0.1051370979574,2008,6,"exclosure",2,46,0.0434782608695652,"female"
"510",2008-07-01,0.191929967902755,2008,7,"exclosure",1,7,0.142857142857143,"male"
"511",2008-07-01,0.191929967902755,2008,7,"control",0,2,0,"male"
"512",2008-07-01,0.191929967902755,2008,7,"control",0,5,0,"female"
"513",2008-07-01,0.191929967902755,2008,7,"exclosure",0,5,0,"female"
"514",2008-08-01,0.312729028691625,2008,8,"control",0,6,0,"male"
"515",2008-08-01,0.312729028691625,2008,8,"exclosure",0,12,0,"male"
"516",2008-08-01,0.312729028691625,2008,8,"control",0,8,0,"female"
"517",2008-08-01,0.312729028691625,2008,8,"exclosure",0,14,0,"female"
"518",2008-09-01,0.27760099490524,2008,9,"control",0,8,0,"male"
"519",2008-09-01,0.27760099490524,2008,9,"exclosure",0,13,0,"male"
"520",2008-09-01,0.27760099490524,2008,9,"control",0,6,0,"female"
"521",2008-09-01,0.27760099490524,2008,9,"exclosure",0,16,0,"female"
"522",2008-10-01,0.180767953821219,2008,10,"control",0,6,0,"male"
"523",2008-10-01,0.180767953821219,2008,10,"exclosure",0,11,0,"male"
"524",2008-10-01,0.180767953821219,2008,10,"control",0,6,0,"female"
"525",2008-10-01,0.180767953821219,2008,10,"exclosure",0,16,0,"female"
"526",2008-11-01,0.144572070195743,2008,11,"control",0,3,0,"male"
"527",2008-11-01,0.144572070195743,2008,11,"exclosure",0,6,0,"male"
"528",2008-11-01,0.144572070195743,2008,11,"control",0,6,0,"female"
"529",2008-11-01,0.144572070195743,2008,11,"exclosure",0,14,0,"female"
"530",2008-12-01,0.120570562104295,2008,12,"control",0,4,0,"male"
"531",2008-12-01,0.120570562104295,2008,12,"exclosure",0,6,0,"male"
"532",2008-12-01,0.120570562104295,2008,12,"control",0,5,0,"female"
"533",2008-12-01,0.120570562104295,2008,12,"exclosure",0,9,0,"female"
"534",2009-01-01,0.108929456255536,2009,1,"control",0,2,0,"male"
"535",2009-01-01,0.108929456255536,2009,1,"exclosure",0,8,0,"male"
"536",2009-01-01,0.108929456255536,2009,1,"control",0,3,0,"female"
"537",2009-01-01,0.108929456255536,2009,1,"exclosure",0,9,0,"female"
"538",2009-02-01,0.0996414543958069,2009,2,"exclosure",1,7,0.142857142857143,"male"
"539",2009-02-01,0.0996414543958069,2009,2,"control",1,1,1,"male"
"540",2009-02-01,0.0996414543958069,2009,2,"control",0,4,0,"female"
"541",2009-02-01,0.0996414543958069,2009,2,"exclosure",0,9,0,"female"
"542",2009-03-01,0.0853185817112797,2009,3,"exclosure",1,7,0.142857142857143,"male"
"543",2009-03-01,0.0853185817112797,2009,3,"control",0,1,0,"male"
"544",2009-03-01,0.0853185817112797,2009,3,"exclosure",1,7,0.142857142857143,"female"
"545",2009-03-01,0.0853185817112797,2009,3,"control",0,3,0,"female"
"546",2009-04-01,0.0951068219882267,2009,4,"exclosure",4,12,0.333333333333333,"male"
"547",2009-04-01,0.0951068219882267,2009,4,"control",0,5,0,"male"
"548",2009-04-01,0.0951068219882267,2009,4,"control",0,5,0,"female"
"549",2009-04-01,0.0951068219882267,2009,4,"exclosure",0,15,0,"female"
"550",2009-05-01,0.0930664983827982,2009,5,"exclosure",2,19,0.105263157894737,"male"
"551",2009-05-01,0.0930664983827982,2009,5,"control",1,6,0.166666666666667,"male"
"552",2009-05-01,0.0930664983827982,2009,5,"exclosure",1,20,0.05,"female"
"553",2009-05-01,0.0930664983827982,2009,5,"control",1,5,0.2,"female"
"554",2009-06-01,0.105258050873839,2009,6,"exclosure",2,18,0.111111111111111,"male"
"555",2009-06-01,0.105258050873839,2009,6,"control",1,5,0.2,"male"
"556",2009-06-01,0.105258050873839,2009,6,"exclosure",1,25,0.04,"female"
"557",2009-06-01,0.105258050873839,2009,6,"control",2,8,0.25,"female"
"558",2009-07-01,0.136462665597389,2009,7,"control",0,5,0,"male"
"559",2009-07-01,0.136462665597389,2009,7,"exclosure",0,10,0,"male"
"560",2009-07-01,0.136462665597389,2009,7,"control",0,4,0,"female"
"561",2009-07-01,0.136462665597389,2009,7,"exclosure",0,17,0,"female"
"562",2009-08-01,0.127906286267154,2009,8,"control",0,3,0,"male"
"563",2009-08-01,0.127906286267154,2009,8,"exclosure",0,9,0,"male"
"564",2009-08-01,0.127906286267154,2009,8,"control",0,4,0,"female"
"565",2009-08-01,0.127906286267154,2009,8,"exclosure",0,7,0,"female"
"566",2009-09-01,0.121719937730818,2009,9,"exclosure",1,6,0.166666666666667,"male"
"567",2009-09-01,0.121719937730818,2009,9,"control",0,3,0,"male"
"568",2009-09-01,0.121719937730818,2009,9,"exclosure",1,4,0.25,"female"
"569",2009-09-01,0.121719937730818,2009,9,"control",0,1,0,"female"
"570",2009-10-01,0.118488993846755,2009,10,"exclosure",1,6,0.166666666666667,"male"
"571",2009-10-01,0.118488993846755,2009,10,"control",2,3,0.666666666666667,"male"
"572",2009-10-01,0.118488993846755,2009,10,"control",0,1,0,"female"
"573",2009-10-01,0.118488993846755,2009,10,"exclosure",0,1,0,"female"
"574",2009-11-01,0.115281534613636,2009,11,"control",0,2,0,"male"
"575",2009-11-01,0.115281534613636,2009,11,"exclosure",0,5,0,"male"
"576",2009-11-01,0.115281534613636,2009,11,"control",0,1,0,"female"
"577",2009-11-01,0.115281534613636,2009,11,"exclosure",0,2,0,"female"
"578",2009-12-01,0.109042780948034,2009,12,"control",0,1,0,"male"
"579",2009-12-01,0.109042780948034,2009,12,"exclosure",0,2,0,"male"
"580",2009-12-01,0.109042780948034,2009,12,"control",0,1,0,"female"
"581",2009-12-01,0.109042780948034,2009,12,"exclosure",0,2,0,"female"
"582",2010-01-01,0.109805156398525,2010,1,"control",0,1,0,"male"
"583",2010-01-01,0.109805156398525,2010,1,"exclosure",0,1,0,"male"
"584",2010-02-01,0.104486307337721,2010,2,"exclosure",1,1,1,"male"
"585",2010-02-01,0.104486307337721,2010,2,"control",0,3,0,"male"
"586",2010-03-01,0.131317528273714,2010,3,"control",0,3,0,"male"
"587",2010-03-01,0.131317528273714,2010,3,"exclosure",0,1,0,"male"
"588",2010-03-01,0.131317528273714,2010,3,"exclosure",0,2,0,"female"
"589",2010-04-01,0.190584669475916,2010,4,"control",0,1,0,"male"
"590",2010-05-01,0.165379415009846,2010,5,"control",0,1,0,"male"
"591",2010-05-01,0.165379415009846,2010,5,"exclosure",0,1,0,"female"
"592",2010-07-01,0.144558597070341,2010,7,"control",1,2,0.5,"female"
"593",2010-09-01,0.161050427588498,2010,9,"exclosure",0,2,0,"male"
"594",2011-01-01,0.109167710942414,2011,1,"exclosure",0,1,0,"male"
"595",2011-04-01,0.10301933862013,2011,4,"exclosure",0,1,0,"male"
"596",2011-05-01,0.10520845157179,2011,5,"exclosure",1,2,0.5,"male"
"597",2011-07-01,0.119512993129234,2011,7,"control",0,1,0,"female"
"598",2011-08-01,0.276421506553921,2011,8,"exclosure",0,1,0,"female"
"599",2011-10-01,0.187658611467289,2011,10,"exclosure",0,1,0,"male"
"600",2011-10-01,0.187658611467289,2011,10,"control",0,2,0,"female"
"601",2011-12-01,0.114454575092645,2011,12,"control",0,1,0,"female"
"602",2012-01-01,0.110397803842915,2012,1,"control",0,1,0,"male"
"603",2012-01-01,0.110397803842915,2012,1,"exclosure",0,2,0,"male"
"604",2012-01-01,0.110397803842915,2012,1,"control",0,1,0,"female"
"605",2012-02-01,0.141522464817267,2012,2,"control",0,1,0,"male"
"606",2012-02-01,0.141522464817267,2012,2,"exclosure",0,2,0,"male"
"607",2012-02-01,0.141522464817267,2012,2,"control",0,1,0,"female"
"608",2012-03-01,0.196553654086106,2012,3,"control",1,2,0.5,"male"
"609",2012-03-01,0.196553654086106,2012,3,"exclosure",0,2,0,"male"
"610",2012-03-01,0.196553654086106,2012,3,"control",0,1,0,"female"
"611",2012-04-01,0.155547403889899,2012,4,"exclosure",1,3,0.333333333333333,"male"
"612",2012-04-01,0.155547403889899,2012,4,"control",1,2,0.5,"female"
"613",2012-05-01,0.123747240308471,2012,5,"control",0,4,0,"male"
"614",2012-05-01,0.123747240308471,2012,5,"exclosure",0,1,0,"male"
"615",2012-05-01,0.123747240308471,2012,5,"exclosure",0,3,0,"female"
"616",2012-06-01,0.119256733383389,2012,6,"control",0,2,0,"male"
"617",2012-06-01,0.119256733383389,2012,6,"exclosure",0,2,0,"male"
"618",2012-06-01,0.119256733383389,2012,6,"exclosure",1,4,0.25,"female"
"619",2012-06-01,0.119256733383389,2012,6,"control",1,2,0.5,"female"
"620",2012-07-01,0.149129283881504,2012,7,"exclosure",1,11,0.0909090909090909,"male"
"621",2012-07-01,0.149129283881504,2012,7,"control",0,3,0,"male"
"622",2012-07-01,0.149129283881504,2012,7,"control",0,7,0,"female"
"623",2012-07-01,0.149129283881504,2012,7,"exclosure",0,8,0,"female"
"624",2012-08-01,0.162117611451125,2012,8,"exclosure",2,11,0.181818181818182,"male"
"625",2012-08-01,0.162117611451125,2012,8,"control",0,2,0,"male"
"626",2012-08-01,0.162117611451125,2012,8,"exclosure",0,10,0,"female"
"627",2012-09-01,0.172298091845941,2012,9,"exclosure",1,11,0.0909090909090909,"male"
"628",2012-09-01,0.172298091845941,2012,9,"control",0,4,0,"male"
"629",2012-09-01,0.172298091845941,2012,9,"exclosure",1,6,0.166666666666667,"female"
"630",2012-09-01,0.172298091845941,2012,9,"control",0,2,0,"female"
"631",2012-10-01,0.135486201625015,2012,10,"control",0,4,0,"male"
"632",2012-10-01,0.135486201625015,2012,10,"exclosure",0,8,0,"male"
"633",2012-10-01,0.135486201625015,2012,10,"control",0,2,0,"female"
"634",2012-10-01,0.135486201625015,2012,10,"exclosure",0,4,0,"female"
"635",2012-11-01,0.111929705740067,2012,11,"control",0,4,0,"male"
"636",2012-11-01,0.111929705740067,2012,11,"exclosure",0,5,0,"male"
"637",2012-11-01,0.111929705740067,2012,11,"exclosure",0,3,0,"female"
"638",2012-12-01,0.111015131697473,2012,12,"control",0,3,0,"male"
"639",2012-12-01,0.111015131697473,2012,12,"exclosure",0,6,0,"male"
"640",2012-12-01,0.111015131697473,2012,12,"exclosure",0,3,0,"female"
"641",2013-01-01,0.103358752856486,2013,1,"control",0,4,0,"male"
"642",2013-01-01,0.103358752856486,2013,1,"exclosure",0,3,0,"male"
"643",2013-01-01,0.103358752856486,2013,1,"exclosure",0,2,0,"female"
"644",2013-02-01,0.0826183774798902,2013,2,"exclosure",1,6,0.166666666666667,"male"
"645",2013-02-01,0.0826183774798902,2013,2,"control",0,2,0,"male"
"646",2013-02-01,0.0826183774798902,2013,2,"exclosure",0,2,0,"female"
"647",2013-03-01,0.0980651904381725,2013,3,"control",1,3,0.333333333333333,"male"
"648",2013-03-01,0.0980651904381725,2013,3,"exclosure",0,6,0,"male"
"649",2013-03-01,0.0980651904381725,2013,3,"exclosure",0,2,0,"female"
"650",2013-04-01,0.105889459468423,2013,4,"exclosure",2,4,0.5,"male"
"651",2013-04-01,0.105889459468423,2013,4,"control",1,1,1,"male"
"652",2013-04-01,0.105889459468423,2013,4,"exclosure",1,2,0.5,"female"
"653",2013-05-01,0.108508601684199,2013,5,"exclosure",1,7,0.142857142857143,"male"
"654",2013-05-01,0.108508601684199,2013,5,"control",0,2,0,"male"
"655",2013-05-01,0.108508601684199,2013,5,"control",0,2,0,"female"
"656",2013-05-01,0.108508601684199,2013,5,"exclosure",0,4,0,"female"
"657",2013-07-01,0.171585325299288,2013,7,"exclosure",2,7,0.285714285714286,"male"
"658",2013-07-01,0.171585325299288,2013,7,"control",1,1,1,"male"
"659",2013-07-01,0.171585325299288,2013,7,"control",0,2,0,"female"
"660",2013-07-01,0.171585325299288,2013,7,"exclosure",0,3,0,"female"
"661",2013-09-01,0.273804477967367,2013,9,"exclosure",1,5,0.2,"male"
"662",2013-09-01,0.273804477967367,2013,9,"control",1,2,0.5,"male"
"663",2013-09-01,0.273804477967367,2013,9,"exclosure",1,3,0.333333333333333,"female"
"664",2013-09-01,0.273804477967367,2013,9,"control",0,1,0,"female"
"665",2013-11-01,0.157190553249994,2013,11,"control",0,5,0,"male"
"666",2013-11-01,0.157190553249994,2013,11,"exclosure",0,5,0,"male"
"667",2013-11-01,0.157190553249994,2013,11,"control",0,2,0,"female"
"668",2013-11-01,0.157190553249994,2013,11,"exclosure",0,4,0,"female"
"669",2013-12-01,0.151383627334194,2013,12,"control",1,6,0.166666666666667,"male"
"670",2013-12-01,0.151383627334194,2013,12,"exclosure",0,3,0,"male"
"671",2013-12-01,0.151383627334194,2013,12,"control",0,1,0,"female"
"672",2013-12-01,0.151383627334194,2013,12,"exclosure",0,5,0,"female"
"673",2014-02-01,0.124166492159556,2014,2,"control",0,2,0,"male"
"674",2014-02-01,0.124166492159556,2014,2,"exclosure",0,3,0,"male"
"675",2014-02-01,0.124166492159556,2014,2,"control",0,1,0,"female"
"676",2014-02-01,0.124166492159556,2014,2,"exclosure",0,4,0,"female"
"677",2014-03-01,0.132418114941514,2014,3,"control",1,8,0.125,"male"
"678",2014-03-01,0.132418114941514,2014,3,"exclosure",1,6,0.166666666666667,"male"
"679",2014-03-01,0.132418114941514,2014,3,"exclosure",2,6,0.333333333333333,"female"
"680",2014-03-01,0.132418114941514,2014,3,"control",0,1,0,"female"
"681",2014-04-01,0.123198268600406,2014,4,"exclosure",1,4,0.25,"male"
"682",2014-04-01,0.123198268600406,2014,4,"control",2,4,0.5,"male"
"683",2014-04-01,0.123198268600406,2014,4,"exclosure",1,9,0.111111111111111,"female"
"684",2014-05-01,0.121092630586598,2014,5,"control",0,1,0,"male"
"685",2014-05-01,0.121092630586598,2014,5,"exclosure",0,2,0,"male"
"686",2014-05-01,0.121092630586598,2014,5,"exclosure",1,7,0.142857142857143,"female"
"687",2014-05-01,0.121092630586598,2014,5,"control",0,2,0,"female"
"688",2014-06-01,0.122091231602498,2014,6,"exclosure",1,8,0.125,"male"
"689",2014-06-01,0.122091231602498,2014,6,"control",1,3,0.333333333333333,"male"
"690",2014-06-01,0.122091231602498,2014,6,"exclosure",3,16,0.1875,"female"
"691",2014-06-01,0.122091231602498,2014,6,"control",1,2,0.5,"female"
"692",2014-08-01,0.319123027328994,2014,8,"exclosure",1,7,0.142857142857143,"male"
"693",2014-08-01,0.319123027328994,2014,8,"control",0,2,0,"male"
"694",2014-08-01,0.319123027328994,2014,8,"exclosure",3,29,0.103448275862069,"female"
"695",2014-08-01,0.319123027328994,2014,8,"control",0,4,0,"female"
"696",2014-09-01,0.292321390692355,2014,9,"exclosure",1,3,0.333333333333333,"male"
"697",2014-09-01,0.292321390692355,2014,9,"control",0,2,0,"male"
"698",2014-09-01,0.292321390692355,2014,9,"exclosure",1,19,0.0526315789473684,"female"
"699",2014-09-01,0.292321390692355,2014,9,"control",0,4,0,"female"
"700",2014-10-01,0.274091817302015,2014,10,"control",0,2,0,"male"
"701",2014-10-01,0.274091817302015,2014,10,"exclosure",0,3,0,"male"
"702",2014-10-01,0.274091817302015,2014,10,"exclosure",1,17,0.0588235294117647,"female"
"703",2014-10-01,0.274091817302015,2014,10,"control",0,2,0,"female"
"704",2014-11-01,0.22848956046633,2014,11,"control",0,3,0,"male"
"705",2014-11-01,0.22848956046633,2014,11,"exclosure",0,4,0,"male"
"706",2014-11-01,0.22848956046633,2014,11,"control",1,3,0.333333333333333,"female"
"707",2014-11-01,0.22848956046633,2014,11,"exclosure",0,13,0,"female"
"708",2014-12-01,0.145226345377996,2014,12,"exclosure",1,5,0.2,"male"
"709",2014-12-01,0.145226345377996,2014,12,"control",0,1,0,"male"
"710",2014-12-01,0.145226345377996,2014,12,"control",0,2,0,"female"
"711",2014-12-01,0.145226345377996,2014,12,"exclosure",0,9,0,"female"
"712",2015-01-01,0.141130334744742,2015,1,"control",0,1,0,"male"
"713",2015-01-01,0.141130334744742,2015,1,"exclosure",0,3,0,"male"
"714",2015-01-01,0.141130334744742,2015,1,"exclosure",0,9,0,"female"
"715",2015-02-01,0.14761898295654,2015,2,"exclosure",2,6,0.333333333333333,"male"
"716",2015-02-01,0.14761898295654,2015,2,"control",1,2,0.5,"male"
"717",2015-02-01,0.14761898295654,2015,2,"control",1,3,0.333333333333333,"female"
"718",2015-02-01,0.14761898295654,2015,2,"exclosure",5,7,0.714285714285714,"female"
"719",2015-03-01,0.172809666055832,2015,3,"exclosure",1,5,0.2,"male"
"720",2015-03-01,0.172809666055832,2015,3,"control",0,4,0,"male"
"721",2015-03-01,0.172809666055832,2015,3,"exclosure",1,6,0.166666666666667,"female"
"722",2015-04-01,0.188340543546608,2015,4,"exclosure",2,6,0.333333333333333,"male"
"723",2015-04-01,0.188340543546608,2015,4,"control",1,1,1,"male"
"724",2015-04-01,0.188340543546608,2015,4,"exclosure",1,2,0.5,"female"
"725",2015-04-01,0.188340543546608,2015,4,"control",2,2,1,"female"
"726",2015-05-01,0.161484772221508,2015,5,"exclosure",2,6,0.333333333333333,"male"
"727",2015-05-01,0.161484772221508,2015,5,"control",0,2,0,"female"
"728",2015-05-01,0.161484772221508,2015,5,"exclosure",0,3,0,"female"
"729",2015-06-01,0.163261086736402,2015,6,"control",1,2,0.5,"male"
"730",2015-06-01,0.163261086736402,2015,6,"exclosure",0,6,0,"male"
"731",2015-06-01,0.163261086736402,2015,6,"exclosure",2,6,0.333333333333333,"female"
"732",2015-06-01,0.163261086736402,2015,6,"control",0,2,0,"female"
"733",2015-07-01,0.278607676822719,2015,7,"exclosure",1,4,0.25,"male"
"734",2015-07-01,0.278607676822719,2015,7,"control",0,1,0,"male"
"735",2015-07-01,0.278607676822719,2015,7,"control",0,2,0,"female"
"736",2015-07-01,0.278607676822719,2015,7,"exclosure",0,5,0,"female"
"737",2015-08-01,0.298844462112682,2015,8,"control",0,2,0,"male"
"738",2015-08-01,0.298844462112682,2015,8,"exclosure",0,4,0,"male"
"739",2015-08-01,0.298844462112682,2015,8,"control",0,3,0,"female"
"740",2015-08-01,0.298844462112682,2015,8,"exclosure",0,4,0,"female"
"741",2015-09-01,0.290487831521379,2015,9,"exclosure",1,5,0.2,"male"
"742",2015-09-01,0.290487831521379,2015,9,"control",0,3,0,"male"
"743",2015-09-01,0.290487831521379,2015,9,"control",0,2,0,"female"
"744",2015-09-01,0.290487831521379,2015,9,"exclosure",0,4,0,"female"
"745",2015-10-01,0.202738770978446,2015,10,"control",0,1,0,"male"
"746",2015-10-01,0.202738770978446,2015,10,"exclosure",0,7,0,"male"
"747",2015-10-01,0.202738770978446,2015,10,"control",0,3,0,"female"
"748",2015-10-01,0.202738770978446,2015,10,"exclosure",0,5,0,"female"
"749",2015-11-01,0.175867683634956,2015,11,"control",0,1,0,"male"
"750",2015-11-01,0.175867683634956,2015,11,"exclosure",0,5,0,"male"
"751",2015-11-01,0.175867683634956,2015,11,"control",0,1,0,"female"
"752",2015-11-01,0.175867683634956,2015,11,"exclosure",0,6,0,"female"
"753",2016-01-01,0.130731155420646,2016,1,"control",0,1,0,"female"
"754",2016-02-01,0.127720243006792,2016,2,"exclosure",1,2,0.5,"male"
"755",2016-02-01,0.127720243006792,2016,2,"exclosure",0,1,0,"female"
"756",2016-03-01,0.133438073328522,2016,3,"exclosure",0,1,0,"male"
"757",2016-03-01,0.133438073328522,2016,3,"exclosure",0,1,0,"female"
"758",2016-05-01,0.13339728025972,2016,5,"exclosure",0,2,0,"male"
"759",2016-05-01,0.13339728025972,2016,5,"exclosure",0,2,0,"female"
"760",2016-06-01,0.159053288356963,2016,6,"exclosure",0,2,0,"male"
"761",2016-06-01,0.159053288356963,2016,6,"exclosure",0,4,0,"female"
"762",2016-07-01,0.238367894477065,2016,7,"exclosure",0,4,0,"female"
"763",2016-08-01,0.24921328764817,2016,8,"control",0,1,0,"male"
"764",2016-08-01,0.24921328764817,2016,8,"exclosure",0,1,0,"male"
"765",2016-08-01,0.24921328764817,2016,8,"exclosure",0,4,0,"female"
"766",2016-09-01,0.272660909049666,2016,9,"exclosure",0,1,0,"male"
"767",2016-09-01,0.272660909049666,2016,9,"exclosure",0,5,0,"female"
"768",2016-10-01,0.245926648261786,2016,10,"exclosure",0,1,0,"male"
"769",2016-10-01,0.245926648261786,2016,10,"exclosure",0,4,0,"female"
"770",2016-11-01,0.181299430902658,2016,11,"exclosure",0,1,0,"male"
"771",2016-11-01,0.181299430902658,2016,11,"exclosure",0,4,0,"female"
"772",2016-12-01,0.155720937413796,2016,12,"exclosure",0,1,0,"female"
"773",2017-01-01,0.135970303720636,2017,1,"exclosure",0,3,0,"female"
"774",2017-02-01,0.139925772079582,2017,2,"exclosure",0,2,0,"male"
"775",2017-03-01,0.182918798778245,2017,3,"exclosure",1,1,1,"male"
"776",2017-04-01,0.158768128029035,2017,4,"exclosure",0,1,0,"male"
"777",2017-04-01,0.158768128029035,2017,4,"exclosure",1,1,1,"female"
"778",2017-05-01,0.138859219507765,2017,5,"exclosure",2,3,0.666666666666667,"male"
"779",2017-05-01,0.138859219507765,2017,5,"exclosure",0,2,0,"female"
"780",2017-06-01,0.145885657740166,2017,6,"exclosure",0,1,0,"male"
"781",2017-06-01,0.145885657740166,2017,6,"exclosure",0,1,0,"female"
"782",2017-07-01,0.14742152197215,2017,7,"exclosure",0,1,0,"male"
"783",2017-07-01,0.14742152197215,2017,7,"exclosure",0,5,0,"female"
"784",2017-08-01,0.270903610167527,2017,8,"exclosure",0,3,0,"male"
"785",2017-08-01,0.270903610167527,2017,8,"exclosure",0,5,0,"female"
"786",2017-09-01,0.234275931161806,2017,9,"exclosure",0,1,0,"male"
"787",2017-09-01,0.234275931161806,2017,9,"exclosure",0,5,0,"female"
"788",2017-10-01,0.177946133164599,2017,10,"exclosure",0,1,0,"male"
"789",2017-10-01,0.177946133164599,2017,10,"exclosure",0,3,0,"female"
"790",2017-11-01,0.150114314109968,2017,11,"exclosure",0,1,0,"male"
"791",2017-11-01,0.150114314109968,2017,11,"exclosure",0,3,0,"female"
"792",2017-12-01,0.148520285396446,2017,12,"exclosure",0,1,0,"male"
"793",2017-12-01,0.148520285396446,2017,12,"exclosure",0,2,0,"female"
"794",2018-01-01,0.131199313583843,2018,1,"exclosure",0,1,0,"male"
"795",2018-01-01,0.131199313583843,2018,1,"exclosure",0,3,0,"female"
"796",2018-02-01,0.136311608258994,2018,2,"exclosure",0,1,0,"male"
"797",2018-02-01,0.136311608258994,2018,2,"exclosure",0,1,0,"female"
"798",2018-03-01,0.119099047009213,2018,3,"exclosure",0,1,0,"male"
"799",2018-03-01,0.119099047009213,2018,3,"exclosure",0,4,0,"female"
"800",2018-04-01,0.121040589073713,2018,4,"exclosure",0,1,0,"male"
"801",2018-04-01,0.121040589073713,2018,4,"exclosure",0,2,0,"female"
"802",2018-05-01,0.116463292716021,2018,5,"exclosure",1,1,1,"male"
"803",2018-05-01,0.116463292716021,2018,5,"exclosure",0,1,0,"female"
"804",2018-06-01,0.120727959096448,2018,6,"exclosure",1,3,0.333333333333333,"male"
"805",2018-06-01,0.120727959096448,2018,6,"exclosure",0,3,0,"female"
"806",2018-07-01,0.126263679845514,2018,7,"exclosure",0,2,0,"male"
"807",2018-07-01,0.126263679845514,2018,7,"exclosure",1,4,0.25,"female"
"808",2018-08-01,0.151021035887548,2018,8,"exclosure",0,3,0,"female"
"809",2018-09-01,0.181012829662078,2018,9,"exclosure",0,1,0,"male"
"810",2018-09-01,0.181012829662078,2018,9,"exclosure",1,4,0.25,"female"
"811",2018-10-01,0.185396243185488,2018,10,"exclosure",0,1,0,"male"
"812",2018-10-01,0.185396243185488,2018,10,"exclosure",0,4,0,"female"
"813",2018-11-01,0.15987680734191,2018,11,"exclosure",0,4,0,"female"
"814",2018-12-01,0.163744018652844,2018,12,"exclosure",0,1,0,"female"
"815",2019-02-01,0.284563490824647,2019,2,"exclosure",0,1,0,"female"
"816",2019-03-01,0.276569156412787,2019,3,"exclosure",0,1,0,"male"
"817",2019-03-01,0.276569156412787,2019,3,"exclosure",0,2,0,"female"
"818",2019-04-01,0.196618390196525,2019,4,"exclosure",0,1,0,"male"
"819",2019-04-01,0.196618390196525,2019,4,"exclosure",1,3,0.333333333333333,"female"
"820",2019-05-01,0.162175403915709,2019,5,"exclosure",1,3,0.333333333333333,"female"
